{
    "rmse": 0.7110486536579477,
    "mae": 0.5530618289982466,
    "r2": 0.2779797208203857
}